Number,date,total_cases,new_cases,new_cases_smoothed,total_cases_per_million,new_cases_per_million,new_cases_smoothed_per_million,total_vaccinations,people_vaccinated,people_fully_vaccinated,new_vaccinations,new_vaccinations_smoothed
1,2021-01-01,591149,3720,6452.286,15528.8,97.72,169.494,103790,103790,,6208,8342
2,2021-01-02,598091,6942,6701.0,15711.158,182.358,176.028,108732,108732,,4942,8616
3,2021-01-03,608734,10643,7440.714,15990.737,279.579,195.459,114034,114034,,5302,8822
4,2021-01-04,618801,10067,7949.286,16255.186,264.448,208.819,137735,137735,,23701,11184
5,2021-01-05,626129,7328,7758.0,16447.684,192.498,203.794,155197,155197,,17462,12105
6,2021-01-06,634437,8308,7694.857,16665.925,218.242,202.135,183360,182930,430.0,28163,14174
7,2021-01-07,642978,8541,7935.571,16890.288,224.362,208.458,219446,218359,1087.0,36086,17409
8,2021-01-08,652373,9395,8746.286,17137.083,246.796,229.755,260654,258627,2027.0,41208,22409
9,2021-01-09,659647,7274,8793.714,17328.163,191.08,231.001,296241,293301,2940.0,35587,26787
10,2021-01-10,666375,6728,8234.429,17504.9,176.737,216.309,319603,316661,2942.0,23362,29367
11,2021-01-11,674624,8249,7974.714,17721.591,216.692,209.487,359049,356107,2942.0,39446,31616
12,2021-01-12,681015,6391,7840.857,17889.476,167.884,205.97,388493,384316,4177.0,29444,33328
13,2021-01-13,688097,7082,7665.714,18075.512,186.036,201.369,419209,406124,13085.0,30716,33693
14,2021-01-14,695359,7262,7483.0,18266.276,190.764,196.57,459492,443846,15646.0,40283,34292
15,2021-01-15,702203,6844,7118.571,18446.06,179.784,186.997,507687,488539,19148.0,48195,35290
16,2021-01-16,708263,6060,6945.143,18605.249,159.189,182.441,543291,523023,20268.0,35604,35293
17,2021-01-17,714316,6053,6848.714,18764.254,159.005,179.908,570742,549284,21458.0,27451,35877
18,2021-01-18,720440,6124,6545.143,18925.125,160.87,171.933,614666,592478,22188.0,43924,36517
19,2021-01-19,725599,5159,6369.143,19060.646,135.521,167.31,653653,629268,24385.0,38987,37880
20,2021-01-20,731371,5772,6182.0,19212.269,151.624,162.394,696242,659194,37048.0,42589,39576
21,2021-01-21,737654,6283,6042.143,19377.317,165.047,158.72,738864,695612,43252.0,42622,39910
22,2021-01-22,743384,5730,5883.0,19527.837,150.52,154.54,776606,727115,49491.0,37742,38417
23,2021-01-23,748123,4739,5694.286,19652.325,124.488,149.582,801238,747434,53804.0,24632,36850
24,2021-01-24,752510,4387,5456.286,19767.566,115.241,143.33,816451,760010,56441.0,15213,35101
25,2021-01-25,758142,5632,5386.0,19915.513,147.946,141.484,839949,775296,64653.0,23498,32183
26,2021-01-26,762368,4226,5252.714,20026.525,111.012,137.983,868454,795643,72811.0,28505,30686
27,2021-01-27,766633,4265,5037.429,20138.561,112.037,132.327,891324,809128,82196.0,22870,27869
28,2021-01-28,771358,4725,4814.857,20262.682,124.12,126.481,916027,824083,91944.0,24703,25309
29,2021-01-29,776171,4813,4683.857,20389.114,126.432,123.04,937199,836024,101175.0,21172,22942
30,2021-01-30,780147,3976,4574.857,20493.558,104.445,120.176,952212,842711,109501.0,15013,21568
31,2021-01-31,783735,3588,4460.714,20587.811,94.253,117.178,957229,845339,111890.0,5017,20111
32,2021-02-01,788323,4588,4311.571,20708.333,120.521,113.26,975492,859175,116317.0,18263,19363
33,2021-02-02,791385,3062,4145.286,20788.768,80.435,108.892,988202,867115,121087.0,12710,17107
34,2021-02-03,794681,3296,4006.857,20875.35,86.582,105.255,1001468,871335,130133.0,13266,15735
35,2021-02-04,798650,3969,3898.857,20979.611,104.261,102.418,1020066,877629,142437.0,18598,14863
36,2021-02-05,802904,4254,3819.0,21091.358,111.748,100.321,1042901,887398,155503.0,22835,15100
37,2021-02-06,806010,3106,3694.714,21172.95,81.591,97.056,1064370,895383,168987.0,21469,16023
38,2021-02-07,808973,2963,3605.429,21250.784,77.835,94.71,1077297,900713,176584.0,12927,17153
39,2021-02-08,812700,3727,3482.429,21348.688,97.904,91.479,1098746,911312,187434.0,21449,17608
40,2021-02-09,815526,2826,3448.714,21422.924,74.236,90.594,1124517,920458,204059.0,25771,19474
41,2021-02-10,818967,3441,3469.429,21513.315,90.391,91.138,1154277,930286,223991.0,29760,21830
42,2021-02-11,822038,3071,3341.143,21593.987,80.672,87.768,1186689,942589,244100.0,32412,23803
43,2021-02-12,824754,2716,3121.429,21665.333,71.346,81.996,1221839,955013,266826.0,35150,25563
44,2021-02-13,828335,3581,3189.286,21759.401,94.069,83.779,1255076,967606,287470.0,33237,27244
45,2021-02-14,830352,2017,3054.143,21812.386,52.984,80.229,1272900,971168,301732.0,17824,27943
46,2021-02-15,832058,1706,2765.429,21857.2,44.815,72.645,1282761,972779,309982.0,9861,26288
47,2021-02-16,836455,4397,2989.857,21972.704,115.504,78.54,1308918,981148,327770.0,26157,26343
48,2021-02-17,838998,2543,2861.571,22039.506,66.802,75.17,1329398,985975,343423.0,20480,25017
49,2021-02-18,842393,3395,2907.857,22128.689,89.183,76.386,1356423,993291,363132.0,27025,24248
50,2021-02-19,845454,3061,2957.143,22209.098,80.409,77.681,1404273,1016579,387694.0,47850,26062
51,2021-02-20,848060,2606,2817.857,22277.554,68.457,74.022,1453980,1049514,404466.0,49707,28415
52,2021-02-21,850617,2557,2895.0,22344.724,67.169,76.048,1496377,1078899,417478.0,42397,31925
53,2021-02-22,853901,3284,3120.429,22430.991,86.267,81.97,1558110,1108564,449546.0,61733,39336
54,2021-02-23,857206,3305,2964.429,22517.809,86.819,77.872,1606472,1138700,467772.0,48362,42508
55,2021-02-24,860200,2994,3028.857,22596.458,78.649,79.565,1652562,1170515,482047.0,46090,46166
56,2021-02-25,863301,3101,2986.857,22677.918,81.46,78.461,1711455,1212595,498860.0,58893,50719
57,2021-02-26,866528,3227,3010.571,22762.687,84.77,79.084,1778706,1266731,511975.0,67251,53490
58,2021-02-27,869058,2530,2999.714,22829.147,66.46,78.799,1840435,1320653,519782.0,61729,55208
59,2021-02-28,871243,2185,2946.571,22886.545,57.397,77.403,1887059,1362034,525025.0,46624,55812
60,2021-03-01,874909,3666,3001.143,22982.846,96.302,78.837,1946200,1407961,538239.0,59141,55441
61,2021-03-02,877747,2838,2934.429,23057.397,74.551,77.084,2018238,1470034,548204.0,72038,58824
62,2021-03-03,880487,2740,2898.143,23129.374,71.977,76.131,2091700,1537273,554427.0,73462,62734
63,2021-03-04,883619,3132,2902.571,23211.648,82.274,76.247,2169417,1610535,558882.0,77717,65423
64,2021-03-05,886492,2873,2852.0,23287.118,75.47,74.919,2255174,1693203,561971.0,85757,68067
65,2021-03-06,889255,2763,2885.286,23359.699,72.581,75.793,2329622,1765405,564217.0,74448,69884
66,2021-03-07,891807,2552,2937.714,23426.737,67.038,77.17,2387189,1821470,565719.0,57567,71447
67,2021-03-08,895889,4082,2997.143,23533.967,107.229,78.731,2473868,1898266,575602.0,86679,75381
68,2021-03-09,898963,3074,3030.857,23614.717,80.75,79.617,2543253,1964221,579032.0,69385,75002
69,2021-03-10,901948,2985,3065.857,23693.13,78.412,80.537,2621289,2037806,583483.0,78036,75656
70,2021-03-11,905071,3123,3064.571,23775.167,82.038,80.503,2719317,2131666,587651.0,98028,78557
71,2021-03-12,908645,3574,3164.714,23869.052,93.885,83.133,2830164,2239490,590674.0,110847,82141
72,2021-03-13,911560,2915,3186.429,23945.626,76.574,83.704,2934007,2340676,593331.0,103843,86341
73,2021-03-14,914204,2644,3199.571,24015.081,69.455,84.049,3026665,2431332,595333.0,92658,91354
74,2021-03-15,917994,3790,3157.857,24114.64,99.559,82.953,3151305,2550387,600918.0,124640,96777
75,2021-03-16,921011,3017,3149.714,24193.893,79.253,82.739,3271309,2666388,604921.0,120004,104008
76,2021-03-17,924444,3433,3213.714,24284.074,90.181,84.421,3409996,2799925,610071.0,138687,112672
77,2021-03-18,928117,3673,3292.286,24380.559,96.485,86.485,3566328,2950647,615681.0,156332,121002
78,2021-03-19,932391,4274,3392.286,24492.832,112.273,89.111,3729312,3107711,621601.0,162984,128450
79,2021-03-20,935714,3323,3450.571,24580.123,87.291,90.643,3862685,3236471,626214.0,133373,132668
80,2021-03-21,938856,3142,3521.714,24662.66,82.537,92.511,3954285,3324329,629956.0,91600,132517
81,2021-03-22,943715,4859,3674.429,24790.3,127.64,96.523,4100558,3467046,633512.0,146273,135608
82,2021-03-23,947393,3678,3768.857,24886.917,96.617,99.004,4223272,3585845,637427.0,122714,135995
83,2021-03-24,951589,4196,3877.857,24997.141,110.224,101.867,4393876,3751505,642371.0,170604,140554
84,2021-03-25,956755,5166,4091.143,25132.846,135.705,107.47,4583950,3934959,648991.0,190074,145375
85,2021-03-26,961839,5084,4206.857,25266.397,133.551,110.509,4800931,4143640,657291.0,216981,153088
86,2021-03-27,966076,4237,4337.429,25377.698,111.301,113.939,4967497,4304842,662655.0,166566,157830
87,2021-03-28,970166,4090,4472.857,25485.138,107.44,117.497,5113935,4447302,666633.0,146438,165664
88,2021-03-29,976479,6313,4680.571,25650.973,165.835,122.953,5301234,4629020,672214.0,187299,171525
89,2021-03-30,980365,3886,4710.286,25753.053,102.081,123.734,5470884,4791415,679469.0,169650,178230
90,2021-03-31,989493,9128,5414.857,25992.835,239.782,142.242,5690380,5004406,685974.0,219496,185215
91,2021-04-01,995249,5756,5499.143,26144.039,151.203,144.456,5896845,5200717,696128.0,206465,187556
92,2021-04-02,998882,3633,5291.857,26239.474,95.435,139.011,6057090,5356913,700177.0,160245,179451
93,2021-04-03,1005978,7096,5700.286,26425.877,186.404,149.74,6258003,5553604,704399.0,200913,184358
94,2021-04-04,1009472,3494,5615.143,26517.661,91.783,147.503,6372110,5667707,704403.0,114107,179739
95,2021-04-05,1017761,8289,5897.429,26735.403,217.742,154.919,6555389,5836927,718462.0,183279,179165
96,2021-04-06,1028626,10865,6894.429,27020.814,285.411,181.109,6758617,6027659,730958.0,203228,183962
97,2021-04-07,1036386,7760,6699.0,27224.66,203.846,175.975,6990144,6243477,746667.0,231527,185681
98,2021-04-08,1044733,8347,7069.143,27443.926,219.266,185.698,7252560,6488833,763727.0,262416,193674
99,2021-04-09,1053999,9266,7873.857,27687.333,243.407,206.837,7569321,6788921,780400.0,316761,216033
100,2021-04-10,1061369,7370,7913.0,27880.935,193.601,207.865,7814748,7020562,794186.0,245427,222392
101,2021-04-11,1069041,7672,8509.857,28082.469,201.535,223.544,7996122,7198857,797265.0,181374,232002
102,2021-04-12,1079582,10541,8831.571,28359.369,276.9,231.995,8330898,7515239,815659.0,334776,253644
103,2021-04-13,1087048,7466,8346.0,28555.492,196.123,219.24,8601331,7772264,829067.0,270433,263245
104,2021-04-14,1096000,8952,8516.286,28790.651,235.159,223.713,8898865,8058263,840602.0,297534,272674
105,2021-04-15,1105778,9778,8720.714,29047.508,256.857,229.083,9205307,8350721,854586.0,306442,278964
106,2021-04-16,1115036,9258,8719.571,29290.705,243.197,229.053,9525732,8641720,884012.0,320425,279487
107,2021-04-17,1122116,7080,8678.143,29476.688,185.983,227.965,9779909,8871849,908060.0,254177,280737
108,2021-04-18,1130006,7890,8709.286,29683.949,207.261,228.783,9980626,9067412,913214.0,200717,283501
109,2021-04-19,1140322,10316,8677.143,29954.939,270.989,227.938,10243418,9309934,933484.0,262792,273217
110,2021-04-20,1147636,7314,8655.429,30147.069,192.13,227.368,10481418,9536454,944964.0,238000,268584
111,2021-04-21,1155855,8219,8550.714,30362.973,215.904,224.617,10798150,9840205,957945.0,316732,271326
112,2021-04-22,1164756,8901,8425.429,30596.792,233.819,221.326,11158636,10184121,974515.0,360486,279047
113,2021-04-23,1173220,8464,8312.0,30819.131,222.339,218.347,11526938,10533458,993480.0,368302,285887
114,2021-04-24,1180681,7461,8366.429,31015.123,195.992,219.776,11813201,10804552,1008649.0,286263,290470
115,2021-04-25,1187484,6803,8211.143,31193.83,178.707,215.697,12045041,11026753,1018288.0,231840,294916
116,2021-04-26,1196400,8916,8011.143,31428.043,234.213,210.443,12307785,11280635,1027150.0,262744,294910
117,2021-04-27,1203429,7029,7970.429,31612.687,184.644,209.374,12564325,11518249,1046076.0,256540,297558
118,2021-04-28,1211651,8222,7970.857,31828.669,215.982,209.385,12826266,11764830,1061436.0,261941,289731
119,2021-04-29,1220914,9263,8022.571,32071.997,243.328,210.744,13131871,12049818,1082053.0,305605,281891
120,2021-04-30,1229305,8391,8012.143,32292.419,220.422,210.47,13420198,12330084,1090114.0,288327,270466
121,2021-05-01,1235669,6364,7855.429,32459.594,167.175,206.353,13652375,12534545,1117830.0,232177,262739
122,2021-05-02,1241406,5737,7703.143,32610.298,150.704,202.353,13825476,12696698,1128778.0,173101,254348
123,2021-05-03,1252391,10985,7998.714,32898.862,288.563,210.117,14051490,12914613,1136877.0,226014,249101
124,2021-05-04,1259137,6746,7958.286,33076.071,177.21,209.055,14284234,13128106,1156128.0,232744,245701
125,2021-05-05,1266916,7779,7895.0,33280.417,204.345,207.393,14568067,13394105,1173962.0,283833,248829
126,2021-05-06,1275006,8090,7727.429,33492.931,212.515,202.991,14924694,13728528,1196166.0,356627,256118
127,2021-05-07,1282734,7728,7632.714,33695.937,203.006,200.503,15325183,14104164,1221019.0,400489,272141
128,2021-05-08,1288676,5942,7572.429,33852.027,156.089,198.919,15652046,14411049,1240997.0,326863,285667
129,2021-05-09,1294120,5444,7530.571,33995.034,143.008,197.819,15923508,14674577,1248931.0,271462,299719
130,2021-05-10,1302993,8873,7228.857,34228.118,233.083,189.894,16258155,14991030,1267125.0,334647,315238
131,2021-05-11,1308541,5548,7057.714,34373.857,145.74,185.398,16557932,15272541,1285391.0,299777,324814
132,2021-05-12,1315211,6670,6899.286,34549.07,175.213,181.236,16904709,15596419,1308290.0,346777,333806
133,2021-05-13,1321104,5893,6585.429,34703.873,154.802,172.992,17297879,15961692,1336187.0,393170,339026
134,2021-05-14,1327839,6735,6443.571,34880.793,176.921,169.265,17734322,16363943,1370379.0,436443,344163
135,2021-05-15,1332229,4390,6221.857,34996.113,115.32,163.441,18098814,16703298,1395516.0,364492,349538
136,2021-05-16,1336374,4145,6036.286,35104.998,108.884,158.566,18415880,17004917,1410963.0,317066,356053
137,2021-05-17,1342824,6450,5690.143,35274.432,169.434,149.473,18805903,17381262,1424641.0,390023,363964
138,2021-05-18,1346736,3912,5456.429,35377.195,102.764,143.334,19088798,17638053,1450745.0,282895,361552
139,2021-05-19,1351766,5030,5222.143,35509.328,132.132,137.18,19444593,17958575,1486018.0,355795,362841
140,2021-05-20,1356616,4850,5073.143,35636.732,127.404,133.266,19841562,18312021,1529541.0,396969,363383
141,2021-05-21,1360950,4334,4730.143,35750.581,113.849,124.255,20329783,18748185,1581598.0,488221,370780
142,2021-05-22,1364195,3245,4566.571,35835.823,85.242,119.959,20718109,19088516,1629593.0,388326,374185
143,2021-05-23,1367023,2828,4378.429,35910.111,74.288,115.016,21026606,19372979,1653627.0,308497,372961
144,2021-05-24,1368739,1716,3702.143,35955.189,45.077,97.251,21381544,19709001,1672543.0,354938,367949
145,2021-05-25,1372492,3753,3679.429,36053.776,98.587,96.654,21637723,19942129,1695594.0,256179,364132
146,2021-05-26,1374976,2484,3315.714,36119.028,65.252,87.1,21939046,20195328,1743718.0,301323,356350
147,2021-05-27,1379674,4698,3294.0,36242.439,123.411,86.53,22347313,20539206,1808107.0,408267,357964
148,2021-05-28,1382769,3095,3117.0,36323.741,81.302,81.88,22810709,20932071,1878638.0,463396,354418
149,2021-05-29,1384928,2159,2961.857,36380.455,56.714,77.805,23157029,21207890,1949139.0,346320,348417
150,2021-05-30,1386871,1943,2835.429,36431.495,51.04,74.483,23472216,21458697,2013519.0,315187,349373
151,2021-05-31,1389814,2943,3010.714,36508.805,77.309,79.088,23862397,21783824,2078573.0,390181,354408
152,2021-06-01,1391540,1726,2721.143,36554.145,45.34,71.481,24169346,22007819,2161527.0,306949,361660
153,2021-06-02,1393732,2192,2679.429,36611.726,57.581,70.385,24522064,22258278,2263786.0,352718,369003
154,2021-06-03,1395909,2177,2319.286,36668.913,57.187,60.925,24933524,22530589,2402935.0,411460,369459
155,2021-06-04,1397898,1989,2161.286,36721.162,52.249,56.774,25397448,22825634,2571814.0,463924,369534
156,2021-06-05,1399231,1333,2043.286,36756.178,35.016,53.675,25772487,23057551,2714936.0,375039,373637
157,2021-06-06,1400580,1349,1958.429,36791.615,35.437,51.446,26095464,23253261,2842203.0,322977,374750
158,2021-06-07,1402369,1789,1793.571,36838.61,46.995,47.115,26503428,23507511,2995917.0,407964,377290
159,2021-06-08,1403490,1121,1707.143,36868.057,29.447,44.845,26855647,23670710,3184937.0,352219,383757
160,2021-06-09,1404927,1437,1599.286,36905.806,37.748,42.011,27257774,23835779,3421995.0,402127,390816
161,2021-06-10,1406417,1490,1501.143,36944.946,39.141,39.433,27729564,24010935,3718629.0,471790,399434
162,2021-06-11,1407798,1381,1414.286,36981.224,36.277,37.152,28240474,24195150,4045324.0,510910,406147
163,2021-06-12,1408935,1137,1386.286,37011.091,29.868,36.416,28644442,24311588,4332854.0,403968,410279
164,2021-06-13,1409909,974,1332.714,37036.677,25.586,35.009,29023531,24429078,4594453.0,379089,418295
165,2021-06-14,1411228,1319,1265.571,37071.326,34.649,33.245,29470746,24559731,4911015.0,447215,423903
166,2021-06-15,1412121,893,1233.0,37094.784,23.458,32.389,29917852,24677550,5240302.0,447106,437458
167,2021-06-16,1413203,1082,1182.286,37123.207,28.423,31.057,30379626,24775947,5603679.0,461774,445979
168,2021-06-17,1414304,1101,1126.714,37152.129,28.922,29.597,30885092,24880007,6005085.0,505466,450790
169,2021-06-18,1415272,968,1067.714,37177.557,25.428,28.048,31417347,24976923,6440424.0,532255,453839
170,2021-06-19,1416009,737,1010.571,37196.917,19.36,26.547,31836378,25043879,6792499.0,419031,455991
171,2021-06-20,1416589,580,954.286,37212.153,15.236,25.068,32189274,25105109,7084165.0,352896,452249
172,2021-06-21,1417625,1036,913.857,37239.367,27.215,24.006,32598064,25186098,7411966.0,408790,446760
173,2021-06-22,1418135,510,859.143,37252.765,13.397,22.569,33070640,25251515,7819125.0,472576,450398
174,2021-06-23,1418853,718,807.143,37271.626,18.861,21.203,33585366,25311357,8274009.0,514726,457963
175,2021-06-24,1419569,716,752.143,37290.434,18.808,19.758,34174571,25380107,8794464.0,589205,469926
176,2021-06-25,1420191,622,702.714,37306.773,16.339,18.459,34694975,25440005,9254970.0,520404,468233
177,2021-06-26,1420724,533,673.571,37320.775,14.001,17.694,35135821,25483314,9652507.0,440846,471349
178,2021-06-27,1421122,398,647.571,37331.23,10.455,17.011,35495821,25525737,9970084.0,360000,472364
179,2021-06-28,1422053,931,632.571,37355.686,24.456,16.617,36199547,25610293,10589254.0,703726,514498
180,2021-06-29,1422618,565,640.429,37370.528,14.842,16.823,36776212,25666429,11109783.0,576665,529367
181,2021-06-30,1423170,552,616.714,37385.028,14.5,16.2,37384820,25722762,11662058.0,608608,542779
182,2021-07-01,1423321,151,536.0,37388.995,3.967,14.08,37824663,25760431,12064232.0,439843,521442
183,2021-07-02,1424160,839,567.0,37411.034,22.04,14.894,38417799,25821859,12595940.0,593136,531832
184,2021-07-03,1424502,342,539.714,37420.018,8.984,14.178,38777042,25851422,12925620.0,359243,520174
185,2021-07-04,1424784,282,523.143,37427.426,7.408,13.742,39098901,25882481,13216420.0,321859,514726
186,2021-07-05,1425594,810,505.857,37448.704,21.278,13.288,39701386,25941026,13760360.0,602485,500263
187,2021-07-06,1425884,290,466.571,37456.322,7.618,12.256,40187887,25988670,14199217.0,486501,487382
188,2021-07-07,1426435,551,466.429,37470.796,14.474,12.253,40691665,26032537,14659128.0,503778,472406
189,2021-07-08,1427027,592,529.429,37486.347,15.551,13.907,41312866,26093012,15219854.0,621201,498315
190,2021-07-09,1427582,555,488.857,37500.926,14.579,12.842,41859123,26145631,15713492.0,546257,491618
191,2021-07-10,1427899,317,485.286,37509.254,8.327,12.748,42223929,26178558,16045371.0,364806,492412
192,2021-07-11,1428162,263,482.571,37516.162,6.909,12.677,42509643,26206748,16302895.0,285714,487249
193,2021-07-12,1428689,527,442.143,37530.006,13.844,11.615,43014172,26262399,16751773.0,504529,473255
194,2021-07-13,1429029,340,449.286,37538.937,8.931,11.802,43429836,26301108,17128728.0,415664,463136
195,2021-07-14,1429369,340,419.143,37547.869,8.931,11.01,43856641,26346634,17510007.0,426805,452139
196,2021-07-15,1429747,378,388.571,37557.798,9.93,10.207,44293659,26392399,17901260.0,437018,425828
197,2021-07-16,1430127,380,363.571,37567.781,9.982,9.551,44726461,26439790,18286671.0,432802,409620
198,2021-07-17,1430437,310,362.571,37575.924,8.143,9.524,45027522,26471443,18556079.0,301061,400513
199,2021-07-18,1430740,303,368.286,37583.883,7.959,9.674,45252632,26495816,18756816.0,225110,391856
200,2021-07-19,1431378,638,384.143,37600.643,16.76,10.091,45679090,26541095,19137995.0,426458,380703
201,2021-07-20,1431691,313,380.286,37608.865,8.222,9.99,46016453,26579062,19437391.0,337363,369517
202,2021-07-21,1432208,517,405.571,37622.446,13.581,10.654,46402153,26618984,19783169.0,385700,363645
203,2021-07-22,1432606,398,408.429,37632.901,10.455,10.729,46783901,26661660,20122241.0,381748,355749
204,2021-07-23,1433200,594,439.0,37648.505,15.604,11.532,47140311,26704589,20435722.0,356410,344836
205,2021-07-24,1433525,325,441.143,37657.042,8.537,11.588,47388172,26733653,20654519.0,247861,337236
206,2021-07-25,1433792,267,436.0,37664.056,7.014,11.453,47585222,26757373,20827849.0,197050,333227
207,2021-07-26,1434866,1074,498.286,37692.269,28.213,13.089,47976246,26801722,21174524.0,391024,328165
208,2021-07-27,1435403,537,530.286,37706.375,14.106,13.93,48255004,26839096,21415908.0,278758,319793
209,2021-07-28,1436199,796,570.143,37727.285,20.91,14.977,48530223,26878305,21651918.0,275219,304010
210,2021-07-29,1437111,912,643.571,37751.242,23.957,16.906,48799649,26917700,21881949.0,269426,287964
211,2021-07-30,1438021,910,688.714,37775.147,23.905,18.092,49060682,26958920,22101762.0,261033,274339
212,2021-07-31,1438457,436,704.571,37786.6,11.453,18.508,49230614,26981803,22248811.0,169932,263206
213,2021-08-01,1438817,360,717.857,37796.057,9.457,18.857,49362830,27000622,22362208.0,132216,253944
214,2021-08-02,1439032,215,595.143,37801.705,5.648,15.634,49455025,27012927,22442098.0,92195,211254
215,2021-08-03,1441275,2243,838.857,37860.626,58.921,22.036,49762425,27057050,22705375.0,307400,215346
216,2021-08-04,1442255,980,865.143,37886.369,25.743,22.726,49930786,27089153,22841633.0,168361,200080
217,2021-08-05,1443778,1523,952.429,37926.376,40.007,25.019,50121242,27124178,22997064.0,190456,188799
218,2021-08-06,1445330,1552,1044.143,37967.146,40.769,27.428,50297342,27157802,23139540.0,176100,176666
219,2021-08-07,1445915,585,1065.429,37982.513,15.367,27.988,50422627,27178380,23244247.0,125285,170288
220,2021-08-08,1446497,582,1097.143,37997.801,15.288,28.821,50519645,27194945,23324700.0,97018,165259
221,2021-08-09,1449706,3209,1524.857,38082.098,84.297,40.056,50712946,27232954,23479992.0,193301,179703
222,2021-08-10,1451040,1334,1395.0,38117.141,35.043,36.645,50850367,27259827,23590540.0,137421,155420
223,2021-08-11,1453000,1960,1535.0,38168.628,51.487,40.323,50988809,27288715,23700094.0,138442,151146
224,2021-08-12,1455141,2141,1623.286,38224.869,56.242,42.642,51142544,27321586,23820958.0,153735,145900
225,2021-08-13,1457458,2317,1732.571,38285.734,60.865,45.513,51290984,27356765,23934219.0,148440,141949
226,2021-08-14,1458326,868,1773.0,38308.536,22.801,46.575,51402274,27376948,24025326.0,111290,139950
227,2021-08-15,1459070,744,1796.143,38328.08,19.544,47.183,51500860,27396288,24104572.0,98586,140174
228,2021-08-16,1463616,4546,1987.143,38447.498,119.418,52.2,51671719,27434284,24237435.0,170859,136968
229,2021-08-17,1465478,1862,2062.571,38496.41,48.913,54.181,51810476,27464649,24345827.0,138757,137158
230,2021-08-18,1467834,2356,2119.143,38558.3,61.889,55.667,51936190,27495708,24440482.0,125714,135340
231,2021-08-19,1470803,2969,2237.429,38636.292,77.992,58.775,52074770,27533688,24541082.0,138580,133175
232,2021-08-20,1473801,2998,2334.714,38715.046,78.754,61.33,52203277,27571050,24632227.0,128507,130328
233,2021-08-21,1474854,1053,2361.143,38742.707,27.661,62.024,52303664,27593583,24710081.0,100387,128770
234,2021-08-22,1476010,1156,2420.0,38773.074,30.367,63.571,52379446,27612197,24767249.0,75782,125512
235,2021-08-23,1481438,5428,2546.0,38915.661,142.587,66.88,52507207,27648631,24858576.0,127761,119355
236,2021-08-24,1483660,2222,2597.429,38974.03,58.369,68.231,52626360,27681967,24944393.0,119153,116555
237,2021-08-25,1487197,3537,2766.143,39066.943,92.913,72.663,52733361,27718436,25014925.0,107001,113882
238,2021-08-26,1490617,3420,2830.571,39156.783,89.839,74.356,52858958,27760576,25098382.0,125597,112027
239,2021-08-27,1494397,3780,2942.286,39256.079,99.296,77.29,52977256,27802076,25175180.0,118298,110568
240,2021-08-28,1495859,1462,3000.714,39294.484,38.405,78.825,53057761,27822384,25235377.0,80505,107728
241,2021-08-29,1497283,1424,3039.0,39331.891,37.407,79.831,53124631,27842589,25282042.0,66870,106455
242,2021-08-30,1504157,6874,3245.571,39512.463,180.572,85.257,53257191,27896091,25361100.0,132560,107141
243,2021-08-31,1507092,2935,3347.429,39589.562,77.099,87.933,53343798,27928378,25415420.0,86607,102491
244,2021-09-01,1511046,3954,3407.0,39693.429,103.867,89.498,53446948,27966470,25480478.0,103150,101941
245,2021-09-02,1515042,3996,3489.286,39798.399,104.97,91.659,53546432,28008700,25537732.0,99484,98211
246,2021-09-03,1519248,4206,3550.143,39908.886,110.487,93.258,53662494,28060301,25602193.0,116062,97891
247,2021-09-04,1520892,1644,3576.143,39952.072,43.186,93.941,53746353,28087065,25659288.0,83859,98370
248,2021-09-05,1522625,1733,3620.286,39997.596,45.524,95.101,53811309,28113038,25698271.0,64956,98097
249,2021-09-06,1523668,1043,2787.286,40024.994,27.398,73.219,53851096,28129799,25721297.0,39787,84844
250,2021-09-07,1533589,9921,3785.286,40285.607,260.613,99.435,53969297,28179223,25790074.0,118201,89357
251,2021-09-08,1537294,3705,3749.714,40382.934,97.326,98.501,54058503,28218516,25839987.0,89206,87365
252,2021-09-09,1541555,4261,3787.571,40494.865,111.932,99.495,54161320,28264207,25897113.0,102817,87841
253,2021-09-10,1546154,4599,3843.714,40615.675,120.81,100.97,54264853,28310051,25954802.0,103533,86051
254,2021-09-11,1547067,913,3739.286,40639.659,23.983,98.227,54339822,28340569,25999253.0,74969,84781
255,2021-09-12,1549841,2774,3888.0,40712.529,72.87,102.133,54399583,28363525,26036058.0,59761,84039
256,2021-09-13,1559129,9288,5065.857,40956.514,243.985,133.074,54509507,28412136,26097371.0,109924,94059
257,2021-09-14,1563143,4014,4222.0,41061.957,105.443,110.907,54587025,28447648,26139377.0,77518,88247
258,2021-09-15,1567557,4414,4323.286,41177.907,115.951,113.568,54674772,28487156,26187616.0,87747,88038
259,2021-09-16,1572228,4671,4381.857,41300.609,122.702,115.106,54772096,28528613,26243483.0,97324,87254
260,2021-09-17,1577335,5107,4454.429,41434.764,134.155,117.013,54934350,28629817,26304533.0,162254,95642
261,2021-09-18,1579181,1846,4587.714,41483.257,48.492,120.514,55003800,28657928,26345872.0,69450,94854
262,2021-09-19,1581003,1822,4451.714,41531.118,47.862,116.941,55060361,28679898,26380463.0,56561,94397
263,2021-09-20,1589989,8986,4408.571,41767.17,236.052,115.808,55207259,28755932,26451327.0,146898,99679
264,2021-09-21,1593674,3685,4361.571,41863.971,96.801,114.573,55308383,28804684,26503699.0,101124,103051
265,2021-09-22,1597789,4115,4318.857,41972.067,108.096,113.451,55410398,28854095,26556303.0,102015,105089
266,2021-09-23,1602413,4624,4312.143,42093.534,121.467,113.275,55527774,28909369,26618405.0,117376,107954
267,2021-09-24,1606974,4561,4234.143,42213.346,119.812,111.226,55695864,29010613,26685251.0,168090,108788
268,2021-09-25,1608019,1045,4119.714,42240.797,27.451,108.22,55769382,29038529,26730853.0,73518,109369
269,2021-09-26,1609156,1137,4021.857,42270.665,29.868,105.65,55837726,29064708,26773018.0,68344,111052
270,2021-09-27,1620537,11381,4364.0,42569.631,298.966,114.637,55965437,29127021,26838416.0,127711,108311
271,2021-09-28,1624001,3464,4332.429,42660.626,90.995,113.808,56044291,29164055,26880236.0,78854,105130
272,2021-09-29,1628329,4328,4362.857,42774.318,113.692,114.607,56145201,29211837,26933364.0,100910,104972
273,2021-09-30,1631647,3318,4176.286,42861.478,87.16,109.706,56241169,29253874,26987295.0,95968,101914
274,2021-10-01,1637441,5794,4352.429,43013.679,152.202,114.333,56340815,29297361,27043454.0,99646,92136
275,2021-10-02,1639169,1728,4450.0,43059.072,45.393,116.896,56399299,29318764,27080535.0,58484,89988
276,2021-10-03,1640565,1396,4487.0,43095.743,36.671,117.868,56447677,29337068,27110609.0,48378,87136
277,2021-10-04,1648942,8377,4057.857,43315.797,220.054,106.595,56559183,29385236,27173947.0,111506,84821
278,2021-10-05,1651603,2661,3943.143,43385.699,69.901,103.582,56638484,29420655,27217829.0,79301,84885
279,2021-10-06,1655406,3803,3868.143,43485.599,99.9,101.612,56769156,29504917,27264239.0,130672,89136
280,2021-10-07,1659517,4111,3981.429,43593.59,107.991,104.588,56858054,29546923,27311131.0,88898,88126
281,2021-10-08,1663716,4199,3753.571,43703.893,110.303,98.602,56959295,29597151,27362144.0,101241,88354
282,2021-10-09,1665312,1596,3734.714,43745.818,41.925,98.107,57019892,29621037,27398855.0,60597,88656
